diplome;libelle;cfd;rncp
Baccalauréat professionnel;Transport par câbles et remontées mécaniques;;
Brevet de technicien supérieur;Communication;32032002;7481
Brevet professionnel;Tailleur de pierres monuments historiques;45023201;36849
Certificat d'aptitude professionnelle;Transport par câbles et remontées mécaniques;50025134;681
Mention complémentaire de niveau 3;Bijoux de mode;;
Mention complémentaire de niveau 3;Vendeur-Conseil en alimentation;1022106;37105
Mention complémentaire de niveau 4;Sommellerie;1033410;6985
Baccalauréat professionnel;Métiers de l'entretien des textiles, option A : blanchisserie;40024005;35807
Baccalauréat professionnel;Métiers de l'entretien des textiles, option B : pressing;40024006;35807
Baccalauréat professionnel;Technicien en réalisation de produits mécaniques, option Réalisation et maintenance des outillages;40025013;35697
Baccalauréat professionnel;Technicien en réalisation de produits mécaniques, option Réalisation et suivi de productions;40025014;35697
Brevet de technicien supérieur;Commerce international;32031215;35800
Brevet de technicien supérieur;Conseil et commercialisation de solutions techniques;32031216;35801
Brevet de technicien supérieur;Collaborateur juriste notarial;32034502;36685
Diplôme;Traceur en construction navale;42025404;
Brevet professionnel;Blanchisseur;45024004;24746
certificat (autre que diplôme);Certificat de préposé au tir;50023114;
Certificat d'aptitude professionnelle;Peintre applicateur de revêtements;50023327;35196
Certificat d'aptitude professionnelle;Menuisier fabricant;50023447;36112
Certificat d'aptitude professionnelle;Métiers de l’entretien des textiles, option B : pressing;50024008;35808
Certificat d'aptitude professionnelle;Conducteur d'engins : travaux publics et carrières;50023118;4463
Certificat d'aptitude professionnelle;Etancheur du bâtiment et des travaux publics;50023321;1141
Certificat d'aptitude professionnelle;Menuisier aluminium-verre;50023322;814
Mention complémentaire de niveau 3;Maintenance des équipements thermiques individuels;1022701;730
Mention complémentaire de niveau 3;Plâtrier;1023302;740
Mention complémentaire de niveau 3;Zingueur;1023202;744
Mention complémentaire de niveau 4;Encadrement secteur sportif option activités physiques pour tous;1033502;36328
Mention complémentaire de niveau 4;Encadrement secteur sportif option activités aquatiques et de la natation;1033503;36328
Mention complémentaire de niveau 4;Encadrement secteur sportif option activités de la forme - cours collectifs;1033504;36328
Mention complémentaire de niveau 4;Encadrement secteur sportif option activités de la forme - haltérophilie, musculation;1033505;36328
Brevet de technicien supérieur;Motorisation toutes énergies;32025219;36966
Brevet de technicien supérieur;Services et prestations des secteurs sanitaire et social;32033002;5297
Brevet de technicien supérieur;Economie sociale familiale;32033206;7570
Brevet des métiers d'arts;Orfèvrerie option monture - tournure;40122319;
Brevet des métiers d'arts;Verrier décorateur;40122409;799
Brevet des métiers d'arts;Souffleur de verre;40122410;799
Brevet des métiers d'arts;Orfèvrerie option gravures - ciselure;40132207;807