REGROUPEMENT A2-2;MEF_STAT_11
Aéronautique;23220025305
Aéronautique;23330025305
Aéronautique;23110025305
Aéronautique;23220025307
Aéronautique;23330025307
Aéronautique;23110025307
Aéronautique;23110025306
Aéronautique;23330025306
Aéronautique;23220025306
Aéronautique;23830025302
Aéronautique;23830025304
Aéronautique;23830025303
Aéronautique;23830025305
Aéronautique;23910025309
Aéronautique;23910025308
Aéronautique;23910025312
Aéronautique;23910025311
Aéronautique;23910025310
Aéronautique;32111025302
Aéronautique;32221025302
Aéronautique;23910025408
Alimentation, hôtellerie, restauration, tourisme;23110022135
Alimentation, hôtellerie, restauration, tourisme;23220022135
Alimentation, hôtellerie, restauration, tourisme;23330022135
Alimentation, hôtellerie, restauration, tourisme;23110022137
Alimentation, hôtellerie, restauration, tourisme;23220022137
Alimentation, hôtellerie, restauration, tourisme;23330022137
Alimentation, hôtellerie, restauration, tourisme;23110022130
Alimentation, hôtellerie, restauration, tourisme;23220022130
Alimentation, hôtellerie, restauration, tourisme;23330022130
Alimentation, hôtellerie, restauration, tourisme;23110022133
Alimentation, hôtellerie, restauration, tourisme;23330022133
Alimentation, hôtellerie, restauration, tourisme;23220022133
Alimentation, hôtellerie, restauration, tourisme;23220022140
Alimentation, hôtellerie, restauration, tourisme;23330022140
Alimentation, hôtellerie, restauration, tourisme;23110022140
Alimentation, hôtellerie, restauration, tourisme;23110022139
Alimentation, hôtellerie, restauration, tourisme;23330022139
Alimentation, hôtellerie, restauration, tourisme;23220022139
Alimentation, hôtellerie, restauration, tourisme;23110022138
Alimentation, hôtellerie, restauration, tourisme;23220022138
Alimentation, hôtellerie, restauration, tourisme;23330022138
Alimentation, hôtellerie, restauration, tourisme;23220022141
Alimentation, hôtellerie, restauration, tourisme;23330022141
Alimentation, hôtellerie, restauration, tourisme;23110022141
Alimentation, hôtellerie, restauration, tourisme;23110022142
Alimentation, hôtellerie, restauration, tourisme;23220022142
Alimentation, hôtellerie, restauration, tourisme;23330022142
Alimentation, hôtellerie, restauration, tourisme;23830022104
Alimentation, hôtellerie, restauration, tourisme;23830022105
Alimentation, hôtellerie, restauration, tourisme;23830022106
Alimentation, hôtellerie, restauration, tourisme;23910022109
Alimentation, hôtellerie, restauration, tourisme;23910022107
Alimentation, hôtellerie, restauration, tourisme;23910022105
Alimentation, hôtellerie, restauration, tourisme;23910022103
Alimentation, hôtellerie, restauration, tourisme;23910022110
Alimentation, hôtellerie, restauration, tourisme;23910022108
Alimentation, hôtellerie, restauration, tourisme;23910022106
Alimentation, hôtellerie, restauration, tourisme;25120022109
Alimentation, hôtellerie, restauration, tourisme;25120022110
Alimentation, hôtellerie, restauration, tourisme;25120022108
Alimentation, hôtellerie, restauration, tourisme;25120022107
Alimentation, hôtellerie, restauration, tourisme;23110031221
Alimentation, hôtellerie, restauration, tourisme;23220031221
Alimentation, hôtellerie, restauration, tourisme;23330031221
Alimentation, hôtellerie, restauration, tourisme;23220031222
Alimentation, hôtellerie, restauration, tourisme;23330031222
Alimentation, hôtellerie, restauration, tourisme;23110031222
Alimentation, hôtellerie, restauration, tourisme;23830031209
Alimentation, hôtellerie, restauration, tourisme;23110033412
Alimentation, hôtellerie, restauration, tourisme;23220033412
Alimentation, hôtellerie, restauration, tourisme;23330033412
Alimentation, hôtellerie, restauration, tourisme;23830033403
Alimentation, hôtellerie, restauration, tourisme;23910033413
Alimentation, hôtellerie, restauration, tourisme;23910033411
Alimentation, hôtellerie, restauration, tourisme;23910033412
Santé, social, services à la personne et à la collectivité;23830033003
Alimentation, hôtellerie, restauration, tourisme;23910033414
Alimentation, hôtellerie, restauration, tourisme;25120033407
Alimentation, hôtellerie, restauration, tourisme;25120033403
Alimentation, hôtellerie, restauration, tourisme;25120033404
Alimentation, hôtellerie, restauration, tourisme;25120033405
Alimentation, hôtellerie, restauration, tourisme;32111033423
Alimentation, hôtellerie, restauration, tourisme;32221033423
Alimentation, hôtellerie, restauration, tourisme;32111033424
Alimentation, hôtellerie, restauration, tourisme;32221033424
Alimentation, hôtellerie, restauration, tourisme;32111033425
Alimentation, hôtellerie, restauration, tourisme;32221033425
Alimentation, hôtellerie, restauration, tourisme;32221033426
Alimentation, hôtellerie, restauration, tourisme;32111033426
Automobile, engins;23110025221
Automobile, engins;23220025221
Automobile, engins;23330025221
Automobile, engins;23110025222
Automobile, engins;23220025222
Automobile, engins;23330025222
Automobile, engins;23110025223
Automobile, engins;23330025223
Automobile, engins;23220025223
Automobile, engins;23110025218
Automobile, engins;23220025218
Automobile, engins;23330025218
Automobile, engins;23110025219
Automobile, engins;23220025219
Automobile, engins;23330025219
Automobile, engins;23110025220
Automobile, engins;23330025220
Automobile, engins;23220025220
Automobile, engins;23830025219
Automobile, engins;23830025220
Automobile, engins;23830025221
Automobile, engins;23830025214
Automobile, engins;23830025215
Automobile, engins;23830025216
Santé, social, services à la personne et à la collectivité;23830033004
Automobile, engins;32111025218
Automobile, engins;32221025218
Automobile, engins;32111025216
Automobile, engins;32221025216
Automobile, engins;32221025215
Automobile, engins;32111025215
Automobile, engins;32111025217
Automobile, engins;32221025217
Santé, social, services à la personne et à la collectivité;23830033603
Productique, mécanique, automatisation;23830020002
Automobile, engins;32221025219
Automobile, engins;32111025219
Automobile, engins;32111025213
Automobile, engins;32221025213
Automobile, engins;23110025432
Automobile, engins;23220025432
Automobile, engins;23330025432
Automobile, engins;23220025433
Automobile, engins;23330025433
Automobile, engins;23110025433
Automobile, engins;23110025434
Automobile, engins;23330025434
Automobile, engins;23220025434
Automobile, engins;23830025410
Automobile, engins;23830025408
Automobile, engins;32111025411
Automobile, engins;32221025411
Gestion-administration, transport, logistique, sécurité;23830030001
Biochimie industrielle;23110020101
Biochimie industrielle;23220020101
Biochimie industrielle;23330020101
Biochimie industrielle;25120020101
Biochimie industrielle;32221020115
Biochimie industrielle;32111020115
Biochimie industrielle;23220022002
Biochimie industrielle;23330022002
Biochimie industrielle;23110022002
Biochimie industrielle;23830022003
Biochimie industrielle;25120022002
Biochimie industrielle;25120022003
Productique, mécanique, automatisation;23830025007
Textile, habillement, cuir;23830024002
Biochimie industrielle;32111022106
Biochimie industrielle;32221022106
Biochimie industrielle;32221022104
Biochimie industrielle;32111022104
Biochimie industrielle;23220022201
Biochimie industrielle;23330022201
Biochimie industrielle;23110022201
Biochimie industrielle;25120022202
Biochimie industrielle;32221022207
Biochimie industrielle;32111022207
Biochimie industrielle;32111022208
Biochimie industrielle;32221022208
Biochimie industrielle;32221022311
Biochimie industrielle;32111022311
Biochimie industrielle;32221022312
Biochimie industrielle;32111022312
Biochimie industrielle;23220022510
Biochimie industrielle;23110022510
Biochimie industrielle;23330022510
Biochimie industrielle;23330022505
Biochimie industrielle;23220022505
Biochimie industrielle;23110022505
Biochimie industrielle;23110022509
Biochimie industrielle;23220022509
Biochimie industrielle;23330022509
Biochimie industrielle;23830022503
Biochimie industrielle;25120022501
Productique, mécanique, automatisation;23830025005
Biochimie industrielle;32111022505
Biochimie industrielle;32221022505
Biochimie industrielle;32221022506
Biochimie industrielle;32111022506
Construction, bâtiment, travaux publics;23110023006
Construction, bâtiment, travaux publics;23220023006
Construction, bâtiment, travaux publics;23330023006
Santé, social, services à la personne et à la collectivité;23830033102
Santé, social, services à la personne et à la collectivité;23830033002
Electricité, électronique/numérique, environnement;23830022704
Construction, bâtiment, travaux publics;23830023005
Construction, bâtiment, travaux publics;23830023004
Construction, bâtiment, travaux publics;32111023012
Construction, bâtiment, travaux publics;32221023012
Electricité, électronique/numérique, environnement;23830022703
Electricité, électronique/numérique, environnement;23830025509
Construction, bâtiment, travaux publics;32221023013
Construction, bâtiment, travaux publics;32111023013
Construction, bâtiment, travaux publics;23220023118
Construction, bâtiment, travaux publics;23330023118
Construction, bâtiment, travaux publics;23110023118
Construction, bâtiment, travaux publics;23220023119
Construction, bâtiment, travaux publics;23330023119
Construction, bâtiment, travaux publics;23110023119
Construction, bâtiment, travaux publics;23110023120
Construction, bâtiment, travaux publics;23220023120
Construction, bâtiment, travaux publics;23330023120
Productique, mécanique, automatisation;23830025106
Productique, mécanique, automatisation;23830025107
Gestion-administration, transport, logistique, sécurité;23830031108
Construction, bâtiment, travaux publics;23830023103
Construction, bâtiment, travaux publics;25120023105
Construction, bâtiment, travaux publics;32111023109
Construction, bâtiment, travaux publics;32221023109
Construction, bâtiment, travaux publics;32111023108
Construction, bâtiment, travaux publics;32221023108
Gestion-administration, transport, logistique, sécurité;25120031001
Gestion-administration, transport, logistique, sécurité;25120034402
Construction, bâtiment, travaux publics;23330023222
Construction, bâtiment, travaux publics;23110023222
Construction, bâtiment, travaux publics;23220023222
Textile, habillement, cuir;25120024004
Gestion-administration, transport, logistique, sécurité;25120032401
Relation client, commerce, vente;25120031206
Construction, bâtiment, travaux publics;23110023223
Construction, bâtiment, travaux publics;23220023223
Construction, bâtiment, travaux publics;23330023223
Textile, habillement, cuir;25120024005
Biochimie industrielle;25120022502
Santé, social, services à la personne et à la collectivité;25120033104
Construction, bâtiment, travaux publics;23110023224
Construction, bâtiment, travaux publics;23220023224
Construction, bâtiment, travaux publics;23330023224
Construction, bâtiment, travaux publics;23110023221
Construction, bâtiment, travaux publics;23220023221
Construction, bâtiment, travaux publics;23330023221
Construction, bâtiment, travaux publics;23830023205
Construction, bâtiment, travaux publics;23830023206
Construction, bâtiment, travaux publics;23830023207
Construction, bâtiment, travaux publics;23830023203
Construction, bâtiment, travaux publics;23830023102
Construction, bâtiment, travaux publics;23910023202
Construction, bâtiment, travaux publics;25120023213
Construction, bâtiment, travaux publics;25120023216
Construction, bâtiment, travaux publics;25120023215
Construction, bâtiment, travaux publics;32111023205
Construction, bâtiment, travaux publics;32221023205
Construction, bâtiment, travaux publics;32111023206
Construction, bâtiment, travaux publics;32221023206
Construction, bâtiment, travaux publics;23220023325
Construction, bâtiment, travaux publics;23330023325
Construction, bâtiment, travaux publics;23110023325
Construction, bâtiment, travaux publics;23110023321
Construction, bâtiment, travaux publics;23330023321
Construction, bâtiment, travaux publics;23220023321
Construction, bâtiment, travaux publics;23110023322
Construction, bâtiment, travaux publics;23220023322
Construction, bâtiment, travaux publics;23330023322
Construction, bâtiment, travaux publics;23330023326
Construction, bâtiment, travaux publics;23220023326
Construction, bâtiment, travaux publics;23110023326
Construction, bâtiment, travaux publics;23110023324
Construction, bâtiment, travaux publics;23220023324
Construction, bâtiment, travaux publics;23330023324
Construction, bâtiment, travaux publics;23220023327
Construction, bâtiment, travaux publics;23330023327
Construction, bâtiment, travaux publics;23110023327
Construction, bâtiment, travaux publics;23830023304
Construction, bâtiment, travaux publics;23830023303
Construction, bâtiment, travaux publics;23910023304
Construction, bâtiment, travaux publics;23910023302
Construction, bâtiment, travaux publics;25120023316
Construction, bâtiment, travaux publics;25120023317
Construction, bâtiment, travaux publics;25120023313
Construction, bâtiment, travaux publics;25120023314
Construction, bâtiment, travaux publics;25120023315
Construction, bâtiment, travaux publics;32221023304
Construction, bâtiment, travaux publics;32111023304
Construction, bâtiment, travaux publics;32111023305
Construction, bâtiment, travaux publics;32221023305
Construction, bâtiment, travaux publics;32221023306
Construction, bâtiment, travaux publics;32111023306
Construction, bâtiment, travaux publics;23110023446
Construction, bâtiment, travaux publics;23220023446
Construction, bâtiment, travaux publics;23330023446
Relation client, commerce, vente;32111031211
Relation client, commerce, vente;32221031211
Industries graphiques, communication, audiovisuel, spectacle;32111032002
Construction, bâtiment, travaux publics;23110023447
Construction, bâtiment, travaux publics;23220023447
Construction, bâtiment, travaux publics;23330023447
Industries graphiques, communication, audiovisuel, spectacle;32221032002
Santé, social, services à la personne et à la collectivité;32221033204
Santé, social, services à la personne et à la collectivité;32111033204
Construction, bâtiment, travaux publics;32221023010
Construction, bâtiment, travaux publics;32111023010
Textile, habillement, cuir;32111024302
Construction, bâtiment, travaux publics;23110023449
Construction, bâtiment, travaux publics;23220023449
Construction, bâtiment, travaux publics;23330023449
Construction, bâtiment, travaux publics;23830023408
Construction, bâtiment, travaux publics;23830023407
Construction, bâtiment, travaux publics;23830023404
Construction, bâtiment, travaux publics;23830023405
Textile, habillement, cuir;32221024302
Construction, bâtiment, travaux publics;25120023409
Construction, bâtiment, travaux publics;25120023408
Construction, bâtiment, travaux publics;32111023411
Construction, bâtiment, travaux publics;32221023411
Construction, bâtiment, travaux publics;32111023412
Construction, bâtiment, travaux publics;32221023412
Construction, bâtiment, travaux publics;23110025439
Construction, bâtiment, travaux publics;23220025439
Construction, bâtiment, travaux publics;23330025439
Métiers d'art;32111022404
Métiers d'art;32221022404
Productique, mécanique, automatisation;32111025010
Construction, bâtiment, travaux publics;23830025406
Electricité, électronique/numérique, environnement;32111020114
Electricité, électronique/numérique, environnement;32221020114
Electricité, électronique/numérique, environnement;32111020112
Electricité, électronique/numérique, environnement;32221020112
Electricité, électronique/numérique, environnement;23110022005
Electricité, électronique/numérique, environnement;23220022005
Electricité, électronique/numérique, environnement;23330022005
Electricité, électronique/numérique, environnement;23220022714
Electricité, électronique/numérique, environnement;23330022714
Electricité, électronique/numérique, environnement;23110022714
Electricité, électronique/numérique, environnement;23110022715
Electricité, électronique/numérique, environnement;23220022715
Electricité, électronique/numérique, environnement;23330022715
Electricité, électronique/numérique, environnement;23830022707
Electricité, électronique/numérique, environnement;23830022706
Productique, mécanique, automatisation;32221025010
Electricité, électronique/numérique, environnement;32111025011
Electricité, électronique/numérique, environnement;23830022705
Electricité, électronique/numérique, environnement;23910022701
Electricité, électronique/numérique, environnement;23910022704
Electricité, électronique/numérique, environnement;23910022705
Electricité, électronique/numérique, environnement;23910022703
Electricité, électronique/numérique, environnement;25120022710
Electricité, électronique/numérique, environnement;25120022709
Electricité, électronique/numérique, environnement;32111022710
Electricité, électronique/numérique, environnement;32221022710
Electricité, électronique/numérique, environnement;32111022711
Electricité, électronique/numérique, environnement;32221022711
Electricité, électronique/numérique, environnement;32221022709
Electricité, électronique/numérique, environnement;32111022709
Electricité, électronique/numérique, environnement;32221025011
Electricité, électronique/numérique, environnement;32221025012
Electricité, électronique/numérique, environnement;32111025012
Automobile, engins;32221025214
Automobile, engins;32111025214
Electricité, électronique/numérique, environnement;32221025015
Electricité, électronique/numérique, environnement;32111025015
Gestion-administration, transport, logistique, sécurité;32221034501
Gestion-administration, transport, logistique, sécurité;32111034501
Electricité, électronique/numérique, environnement;32221025016
Electricité, électronique/numérique, environnement;32111025016
Electricité, électronique/numérique, environnement;23220025524
Electricité, électronique/numérique, environnement;23110025524
Electricité, électronique/numérique, environnement;23330025524
Electricité, électronique/numérique, environnement;23830025517
Electricité, électronique/numérique, environnement;23830025510
Electricité, électronique/numérique, environnement;23830025513
Electricité, électronique/numérique, environnement;23830025514
Electricité, électronique/numérique, environnement;23830025515
Santé, social, services à la personne et à la collectivité;32111033110
Electricité, électronique/numérique, environnement;23910025508
Electricité, électronique/numérique, environnement;25120025516
Electricité, électronique/numérique, environnement;32221025520
Electricité, électronique/numérique, environnement;32111025520
Electricité, électronique/numérique, environnement;32111025516
Electricité, électronique/numérique, environnement;32221025516
Electricité, électronique/numérique, environnement;32111025519
Electricité, électronique/numérique, environnement;32221025519
Electricité, électronique/numérique, environnement;23910032601
Electricité, électronique/numérique, environnement;32111032613
Electricité, électronique/numérique, environnement;32221032613
Electricité, électronique/numérique, environnement;32111032614
Electricité, électronique/numérique, environnement;32221032614
Electricité, électronique/numérique, environnement;23220034301
Electricité, électronique/numérique, environnement;23110034301
Electricité, électronique/numérique, environnement;23330034301
Electricité, électronique/numérique, environnement;23110034303
Electricité, électronique/numérique, environnement;23330034303
Electricité, électronique/numérique, environnement;23220034303
Electricité, électronique/numérique, environnement;23830034303
Electricité, électronique/numérique, environnement;23830034305
Electricité, électronique/numérique, environnement;32111034303
Electricité, électronique/numérique, environnement;32221034303
Electricité, électronique/numérique, environnement;32111034304
Electricité, électronique/numérique, environnement;32221034304
Gestion-administration, transport, logistique, sécurité;23110023005
Gestion-administration, transport, logistique, sécurité;23330023005
Gestion-administration, transport, logistique, sécurité;23220023005
Gestion-administration, transport, logistique, sécurité;23330025133
Gestion-administration, transport, logistique, sécurité;23220025133
Gestion-administration, transport, logistique, sécurité;23110025133
Gestion-administration, transport, logistique, sécurité;23830030004
Santé, social, services à la personne et à la collectivité;32221033110
Santé, social, services à la personne et à la collectivité;32221033001
Gestion-administration, transport, logistique, sécurité;23220031114
Gestion-administration, transport, logistique, sécurité;23330031114
Gestion-administration, transport, logistique, sécurité;23110031114
Gestion-administration, transport, logistique, sécurité;23220031118
Gestion-administration, transport, logistique, sécurité;23330031118
Gestion-administration, transport, logistique, sécurité;23110031118
Gestion-administration, transport, logistique, sécurité;23220031117
Gestion-administration, transport, logistique, sécurité;23110031117
Gestion-administration, transport, logistique, sécurité;23330031117
Gestion-administration, transport, logistique, sécurité;23220031119
Gestion-administration, transport, logistique, sécurité;23110031119
Gestion-administration, transport, logistique, sécurité;23330031119
Gestion-administration, transport, logistique, sécurité;23220031107
Gestion-administration, transport, logistique, sécurité;23330031107
Gestion-administration, transport, logistique, sécurité;23110031107
Gestion-administration, transport, logistique, sécurité;23220031123
Gestion-administration, transport, logistique, sécurité;23110031123
Gestion-administration, transport, logistique, sécurité;23330031123
Gestion-administration, transport, logistique, sécurité;23110031122
Gestion-administration, transport, logistique, sécurité;23220031122
Gestion-administration, transport, logistique, sécurité;23330031122
Gestion-administration, transport, logistique, sécurité;23110031121
Gestion-administration, transport, logistique, sécurité;23220031121
Gestion-administration, transport, logistique, sécurité;23330031121
Gestion-administration, transport, logistique, sécurité;23830031107
Gestion-administration, transport, logistique, sécurité;23830031106
Gestion-administration, transport, logistique, sécurité;23830031114
Santé, social, services à la personne et à la collectivité;32111033001
Gestion-administration, transport, logistique, sécurité;23830031109
Gestion-administration, transport, logistique, sécurité;23910031101
Gestion-administration, transport, logistique, sécurité;23910031102
Gestion-administration, transport, logistique, sécurité;32111031103
Gestion-administration, transport, logistique, sécurité;32221031103
Gestion-administration, transport, logistique, sécurité;32221031408
Gestion-administration, transport, logistique, sécurité;32111031408
Gestion-administration, transport, logistique, sécurité;32111031409
Gestion-administration, transport, logistique, sécurité;32221031409
Relation client, commerce, vente;32111020008
Gestion-administration, transport, logistique, sécurité;32111032409
Gestion-administration, transport, logistique, sécurité;32221032409
Gestion-administration, transport, logistique, sécurité;23220034405
Gestion-administration, transport, logistique, sécurité;23110034405
Gestion-administration, transport, logistique, sécurité;23330034405
Gestion-administration, transport, logistique, sécurité;23830034403
Relation client, commerce, vente;32221020008
Biochimie industrielle;32221022002
Gestion-administration, transport, logistique, sécurité;25120034401
Biochimie industrielle;32111022002
Gestion-administration, transport, logistique, sécurité;32111034401
Gestion-administration, transport, logistique, sécurité;32221034401
Gestion-administration, transport, logistique, sécurité;32221034502
Gestion-administration, transport, logistique, sécurité;32111034502
Construction, bâtiment, travaux publics;32111023107
Construction, bâtiment, travaux publics;32221023107
Industries graphiques, communication, audiovisuel, spectacle;32620013301
Industries graphiques, communication, audiovisuel, spectacle;32510013301
Industries graphiques, communication, audiovisuel, spectacle;23830022403
Industries graphiques, communication, audiovisuel, spectacle;23830023003
Industries graphiques, communication, audiovisuel, spectacle;23B10023304
Industries graphiques, communication, audiovisuel, spectacle;23C20023304
Industries graphiques, communication, audiovisuel, spectacle;23B10023305
Industries graphiques, communication, audiovisuel, spectacle;23C20023305
Industries graphiques, communication, audiovisuel, spectacle;23110025521
Industries graphiques, communication, audiovisuel, spectacle;23220025521
Industries graphiques, communication, audiovisuel, spectacle;23330025521
Construction, bâtiment, travaux publics;23110023440
Construction, bâtiment, travaux publics;23220023440
Industries graphiques, communication, audiovisuel, spectacle;32111032003
Industries graphiques, communication, audiovisuel, spectacle;32221032003
Industries graphiques, communication, audiovisuel, spectacle;23220032228
Industries graphiques, communication, audiovisuel, spectacle;23110032228
Industries graphiques, communication, audiovisuel, spectacle;23330032228
Industries graphiques, communication, audiovisuel, spectacle;23110032223
Industries graphiques, communication, audiovisuel, spectacle;23220032223
Industries graphiques, communication, audiovisuel, spectacle;23330032223
Industries graphiques, communication, audiovisuel, spectacle;23110032221
Industries graphiques, communication, audiovisuel, spectacle;23220032221
Industries graphiques, communication, audiovisuel, spectacle;23330032221
Industries graphiques, communication, audiovisuel, spectacle;23110032222
Industries graphiques, communication, audiovisuel, spectacle;23330032222
Industries graphiques, communication, audiovisuel, spectacle;23220032222
Industries graphiques, communication, audiovisuel, spectacle;23110032220
Industries graphiques, communication, audiovisuel, spectacle;23220032220
Industries graphiques, communication, audiovisuel, spectacle;23330032220
Industries graphiques, communication, audiovisuel, spectacle;23330032225
Industries graphiques, communication, audiovisuel, spectacle;23220032225
Industries graphiques, communication, audiovisuel, spectacle;23110032225
Industries graphiques, communication, audiovisuel, spectacle;23110032227
Industries graphiques, communication, audiovisuel, spectacle;23330032227
Industries graphiques, communication, audiovisuel, spectacle;23220032227
Industries graphiques, communication, audiovisuel, spectacle;23830032206
Industries graphiques, communication, audiovisuel, spectacle;23830032207
Industries graphiques, communication, audiovisuel, spectacle;23830032208
Industries graphiques, communication, audiovisuel, spectacle;23B10032208
Industries graphiques, communication, audiovisuel, spectacle;23C20032208
Industries graphiques, communication, audiovisuel, spectacle;32620032208
Industries graphiques, communication, audiovisuel, spectacle;32510032208
Industries graphiques, communication, audiovisuel, spectacle;32620032206
Industries graphiques, communication, audiovisuel, spectacle;32510032206
Industries graphiques, communication, audiovisuel, spectacle;32620032205
Industries graphiques, communication, audiovisuel, spectacle;32510032205
Industries graphiques, communication, audiovisuel, spectacle;32620032207
Industries graphiques, communication, audiovisuel, spectacle;32510032207
Industries graphiques, communication, audiovisuel, spectacle;32221032208
Industries graphiques, communication, audiovisuel, spectacle;32111032208
Industries graphiques, communication, audiovisuel, spectacle;32111032210
Industries graphiques, communication, audiovisuel, spectacle;32221032210
Industries graphiques, communication, audiovisuel, spectacle;32111032211
Industries graphiques, communication, audiovisuel, spectacle;32221032211
Industries graphiques, communication, audiovisuel, spectacle;23110032307
Industries graphiques, communication, audiovisuel, spectacle;23330032307
Industries graphiques, communication, audiovisuel, spectacle;23220032307
Industries graphiques, communication, audiovisuel, spectacle;23220032308
Industries graphiques, communication, audiovisuel, spectacle;23330032308
Industries graphiques, communication, audiovisuel, spectacle;23110032308
Industries graphiques, communication, audiovisuel, spectacle;23220032310
Industries graphiques, communication, audiovisuel, spectacle;23110032310
Industries graphiques, communication, audiovisuel, spectacle;23330032310
Industries graphiques, communication, audiovisuel, spectacle;23110032313
Industries graphiques, communication, audiovisuel, spectacle;23220032313
Industries graphiques, communication, audiovisuel, spectacle;23330032313
Industries graphiques, communication, audiovisuel, spectacle;23110032312
Industries graphiques, communication, audiovisuel, spectacle;23330032312
Industries graphiques, communication, audiovisuel, spectacle;23220032312
Industries graphiques, communication, audiovisuel, spectacle;23110032311
Industries graphiques, communication, audiovisuel, spectacle;23330032311
Industries graphiques, communication, audiovisuel, spectacle;23220032311
Industries graphiques, communication, audiovisuel, spectacle;23110032306
Industries graphiques, communication, audiovisuel, spectacle;23220032306
Industries graphiques, communication, audiovisuel, spectacle;23330032306
Industries graphiques, communication, audiovisuel, spectacle;23830032303
Industries graphiques, communication, audiovisuel, spectacle;23830032304
Industries graphiques, communication, audiovisuel, spectacle;32620032301
Industries graphiques, communication, audiovisuel, spectacle;32510032301
Industries graphiques, communication, audiovisuel, spectacle;32510032313
Industries graphiques, communication, audiovisuel, spectacle;32620032313
Industries graphiques, communication, audiovisuel, spectacle;32510032316
Industries graphiques, communication, audiovisuel, spectacle;32620032316
Industries graphiques, communication, audiovisuel, spectacle;32510032317
Industries graphiques, communication, audiovisuel, spectacle;32620032317
Industries graphiques, communication, audiovisuel, spectacle;32111032331
Industries graphiques, communication, audiovisuel, spectacle;32221032331
Industries graphiques, communication, audiovisuel, spectacle;32111032332
Industries graphiques, communication, audiovisuel, spectacle;32221032332
Industries graphiques, communication, audiovisuel, spectacle;32111032330
Industries graphiques, communication, audiovisuel, spectacle;32221032330
Industries graphiques, communication, audiovisuel, spectacle;32111032328
Industries graphiques, communication, audiovisuel, spectacle;32221032328
Industries graphiques, communication, audiovisuel, spectacle;32111032329
Industries graphiques, communication, audiovisuel, spectacle;32221032329
Industries graphiques, communication, audiovisuel, spectacle;32221032325
Industries graphiques, communication, audiovisuel, spectacle;32111032325
Mer;23220021203
Mer;23830021204
Mer;23110021305
Mer;23220021305
Mer;23330021305
Mer;23830021304
Mer;23110023444
Mer;23220023444
Mer;23330023444
Mer;25120023407
Mer;23830025010
Mer;23830025009
Mer;23830025011
Mer;23910025003
Mer;23910025004
Mer;32111025013
Mer;32221025013
Mer;23220025217
Mer;23330025217
Mer;23110025217
Mer;32111025413
Mer;32221025413
Mer;23220021308
Mer;23830031112
Mer;23830031113
Mer;32221025518
Mer;32111025518
Mer;32111021304
Mer;32221021304
Métiers d'art;32510013401
Métiers d'art;32730013401
Métiers d'art;23110022362
Métiers d'art;23330022362
Métiers d'art;23220022362
Métiers d'art;23110022363
Métiers d'art;23330022363
Métiers d'art;23220022363
Métiers d'art;23110022361
Métiers d'art;23220022361
Métiers d'art;23330022361
Métiers d'art;23220022349
Métiers d'art;23110022349
Métiers d'art;23330022349
Métiers d'art;23330022350
Métiers d'art;23220022350
Métiers d'art;23110022350
Métiers d'art;23110022351
Métiers d'art;23330022351
Métiers d'art;23220022351
Métiers d'art;23110022332
Métiers d'art;23220022332
Métiers d'art;23330022332
Métiers d'art;23330022353
Métiers d'art;23220022353
Métiers d'art;23110022353
Métiers d'art;23110022339
Métiers d'art;23330022339
Métiers d'art;23220022339
Métiers d'art;23110022343
Métiers d'art;23220022343
Métiers d'art;23330022343
Métiers d'art;23220022324
Métiers d'art;23330022324
Métiers d'art;23110022324
Métiers d'art;23110022340
Métiers d'art;23220022340
Métiers d'art;23330022340
Métiers d'art;23110022341
Métiers d'art;23330022341
Métiers d'art;23220022341
Métiers d'art;23110022342
Métiers d'art;23330022342
Métiers d'art;23220022342
Métiers d'art;23110022354
Métiers d'art;23330022354
Métiers d'art;23220022354
Métiers d'art;23830022308
Métiers d'art;23830022309
Métiers d'art;23910022306
Métiers d'art;23910022304
Métiers d'art;23C20022313
Métiers d'art;23B10022313
Métiers d'art;23B10022316
Métiers d'art;23C20022316
Métiers d'art;23B10022317
Métiers d'art;23C20022317
Métiers d'art;23B10022318
Métiers d'art;23C20022318
Métiers d'art;23B10022319
Métiers d'art;23C20022319
Métiers d'art;25120022306
Métiers d'art;32620022301
Métiers d'art;32510022301
Métiers d'art;23220022427
Métiers d'art;23110022427
Métiers d'art;23330022427
Métiers d'art;23330022425
Métiers d'art;23220022425
Métiers d'art;23110022425
Métiers d'art;23110022428
Métiers d'art;23220022428
Métiers d'art;23330022428
Métiers d'art;23330022422
Métiers d'art;23220022422
Métiers d'art;23110022422
Métiers d'art;23220022419
Métiers d'art;23110022419
Métiers d'art;23330022419
Métiers d'art;23110022420
Métiers d'art;23330022420
Métiers d'art;23220022420
Métiers d'art;23220022430
Métiers d'art;23110022430
Métiers d'art;23330022430
Métiers d'art;23220022429
Métiers d'art;23330022429
Métiers d'art;23110022429
Métiers d'art;23110022421
Métiers d'art;23330022421
Métiers d'art;23220022421
Métiers d'art;23830022402
Métiers d'art;23910022405
Métiers d'art;23C20022408
Métiers d'art;23B10022408
Métiers d'art;23B10022410
Métiers d'art;23C20022410
Métiers d'art;23B10022409
Métiers d'art;23C20022409
Métiers d'art;32620022402
Métiers d'art;32510022402
Construction, bâtiment, travaux publics;23330023440
Construction, bâtiment, travaux publics;23110023115
Métiers d'art;32111022406
Métiers d'art;32221022406
Métiers d'art;32620023003
Métiers d'art;32510023003
Métiers d'art;32620023004
Métiers d'art;32510023004
Métiers d'art;32620023005
Métiers d'art;32510023005
Métiers d'art;32620023006
Métiers d'art;32510023006
Métiers d'art;32620023001
Métiers d'art;32510023001
Métiers d'art;32620023002
Métiers d'art;32510023002
Métiers d'art;23110023220
Métiers d'art;23330023220
Métiers d'art;23220023220
Métiers d'art;23830023208
Métiers d'art;23B10023201
Métiers d'art;23C20023201
Métiers d'art;25120023214
Métiers d'art;23110023311
Métiers d'art;23330023311
Métiers d'art;23220023311
Métiers d'art;23C20023301
Métiers d'art;23B10023301
Métiers d'art;23220023430
Métiers d'art;23110023430
Métiers d'art;23330023430
Métiers d'art;23220023431
Métiers d'art;23110023431
Métiers d'art;23330023431
Métiers d'art;23220023432
Métiers d'art;23330023432
Métiers d'art;23110023432
Métiers d'art;23110023450
Métiers d'art;23220023450
Métiers d'art;23330023450
Métiers d'art;23110023420
Métiers d'art;23330023420
Métiers d'art;23220023420
Métiers d'art;23110023445
Métiers d'art;23220023445
Métiers d'art;23330023445
Métiers d'art;23220023433
Métiers d'art;23330023433
Métiers d'art;23110023433
Construction, bâtiment, travaux publics;23220023115
Construction, bâtiment, travaux publics;23330023115
Construction, bâtiment, travaux publics;23110023218
Métiers d'art;23110023411
Métiers d'art;23220023411
Métiers d'art;23330023411
Métiers d'art;23220023427
Métiers d'art;23330023427
Métiers d'art;23110023427
Métiers d'art;23110023435
Métiers d'art;23330023435
Métiers d'art;23220023435
Métiers d'art;23110023438
Métiers d'art;23330023438
Métiers d'art;23220023438
Métiers d'art;23B10023412
Métiers d'art;23C20023412
Métiers d'art;23C20023409
Métiers d'art;23B10023409
Métiers d'art;23B10023410
Métiers d'art;23C20023410
Métiers d'art;23C20023411
Métiers d'art;23B10023411
Métiers d'art;32620023411
Métiers d'art;32510023411
Métiers d'art;32620023412
Métiers d'art;32510023412
Métiers d'art;32620023413
Métiers d'art;32510023413
Métiers d'art;32620023410
Métiers d'art;32510023410
Métiers d'art;32510023409
Métiers d'art;32620023409
Métiers d'art;23330025136
Métiers d'art;23220025136
Métiers d'art;23110025136
Métiers d'art;23110025137
Métiers d'art;23220025137
Métiers d'art;23330025137
Métiers d'art;23B10025101
Métiers d'art;23C20025101
Métiers d'art;32620025101
Métiers d'art;32510025101
Métiers d'art;23110025436
Métiers d'art;23220025436
Métiers d'art;23330025436
Métiers d'art;23B10025402
Métiers d'art;23C20025402
Métiers d'art;23B10025401
Métiers d'art;23C20025401
Métiers d'art;32620025401
Métiers d'art;32510025401
Métiers d'art;23B10032207
Métiers d'art;23C20032207
Métiers d'art;23220033617
Métiers d'art;23330033617
Métiers d'art;23110033617
Métiers d'art;23910034201
Construction, bâtiment, travaux publics;23220023218
Productique, mécanique, automatisation;23830020009
Productique, mécanique, automatisation;32111020009
Productique, mécanique, automatisation;32221020009
Productique, mécanique, automatisation;23830020102
Productique, mécanique, automatisation;32221020111
Productique, mécanique, automatisation;32111020111
Productique, mécanique, automatisation;32111020113
Productique, mécanique, automatisation;32221020113
Productique, mécanique, automatisation;23830022004
Productique, mécanique, automatisation;23910022001
Productique, mécanique, automatisation;32111022003
Productique, mécanique, automatisation;32221022003
Productique, mécanique, automatisation;23110022360
Productique, mécanique, automatisation;23330022360
Productique, mécanique, automatisation;23220022360
Productique, mécanique, automatisation;23830022303
Productique, mécanique, automatisation;23830022302
Productique, mécanique, automatisation;32111022318
Productique, mécanique, automatisation;32221022318
Productique, mécanique, automatisation;32111022317
Productique, mécanique, automatisation;32221022317
Productique, mécanique, automatisation;32111022314
Productique, mécanique, automatisation;32221022314
Construction, bâtiment, travaux publics;23330023218
Métiers d'art;23330023428
Métiers d'art;23220023428
Productique, mécanique, automatisation;23110023443
Productique, mécanique, automatisation;23220023443
Productique, mécanique, automatisation;23330023443
Productique, mécanique, automatisation;23110022609
Productique, mécanique, automatisation;23330022609
Productique, mécanique, automatisation;23220022609
Productique, mécanique, automatisation;23830023406
Métiers d'art;23110023428
Productique, mécanique, automatisation;23830025012
Productique, mécanique, automatisation;23830025006
Construction, bâtiment, travaux publics;23110023217
Productique, mécanique, automatisation;23830025013
Productique, mécanique, automatisation;23830025014
Productique, mécanique, automatisation;23910025002
Productique, mécanique, automatisation;32221025001
Productique, mécanique, automatisation;32111025001
Productique, mécanique, automatisation;32111025005
Productique, mécanique, automatisation;32221025005
Construction, bâtiment, travaux publics;23330023217
Construction, bâtiment, travaux publics;23220023217
Productique, mécanique, automatisation;32221025014
Productique, mécanique, automatisation;32111025014
Productique, mécanique, automatisation;32221025017
Productique, mécanique, automatisation;32111025017
Productique, mécanique, automatisation;23220025123
Productique, mécanique, automatisation;23330025123
Productique, mécanique, automatisation;23110025123
Productique, mécanique, automatisation;23110025108
Productique, mécanique, automatisation;23220025108
Productique, mécanique, automatisation;23330025108
Productique, mécanique, automatisation;23110025126
Productique, mécanique, automatisation;23330025126
Productique, mécanique, automatisation;23220025126
Productique, mécanique, automatisation;23110025134
Productique, mécanique, automatisation;23220025134
Productique, mécanique, automatisation;23330025134
Productique, mécanique, automatisation;23110022406
Productique, mécanique, automatisation;23830025108
Productique, mécanique, automatisation;23220022406
Productique, mécanique, automatisation;23910025123
Productique, mécanique, automatisation;23910025122
Productique, mécanique, automatisation;23910025118
Productique, mécanique, automatisation;23330025421
Productique, mécanique, automatisation;23220025421
Productique, mécanique, automatisation;23110025421
Productique, mécanique, automatisation;23110025425
Productique, mécanique, automatisation;23330025425
Productique, mécanique, automatisation;23220025425
Productique, mécanique, automatisation;23330025437
Productique, mécanique, automatisation;23110025437
Productique, mécanique, automatisation;23220025437
Productique, mécanique, automatisation;23220025438
Productique, mécanique, automatisation;23110025438
Productique, mécanique, automatisation;23330025438
Productique, mécanique, automatisation;23830025411
Productique, mécanique, automatisation;23910025406
Productique, mécanique, automatisation;23910025407
Productique, mécanique, automatisation;25120025411
Productique, mécanique, automatisation;32221025416
Productique, mécanique, automatisation;32111025416
Productique, mécanique, automatisation;32111025415
Productique, mécanique, automatisation;32221025415
Productique, mécanique, automatisation;32111025414
Productique, mécanique, automatisation;32221025414
Productique, mécanique, automatisation;32111025412
Productique, mécanique, automatisation;32221025412
Productique, mécanique, automatisation;23330022406
Construction, bâtiment, travaux publics;23110023002
Relation client, commerce, vente;23910023306
Relation client, commerce, vente;23110031224
Relation client, commerce, vente;23220031224
Relation client, commerce, vente;23330031224
Relation client, commerce, vente;23220031223
Relation client, commerce, vente;23330031223
Relation client, commerce, vente;23110031223
Relation client, commerce, vente;23830031213
Relation client, commerce, vente;23830031214
Relation client, commerce, vente;23830031212
Relation client, commerce, vente;23910031201
Construction, bâtiment, travaux publics;23330023002
Relation client, commerce, vente;25120031207
Construction, bâtiment, travaux publics;23220023002
Construction, bâtiment, travaux publics;23110023441
Relation client, commerce, vente;32111031215
Relation client, commerce, vente;32221031215
Relation client, commerce, vente;32221031216
Relation client, commerce, vente;32111031216
Relation client, commerce, vente;32111031213
Relation client, commerce, vente;32221031213
Relation client, commerce, vente;32111031212
Relation client, commerce, vente;32221031212
Construction, bâtiment, travaux publics;23220023441
Relation client, commerce, vente;32111031311
Relation client, commerce, vente;32221031311
Relation client, commerce, vente;32221031310
Relation client, commerce, vente;32111031310
Relation client, commerce, vente;32221031309
Relation client, commerce, vente;32111031309
Relation client, commerce, vente;25120032203
Santé, social, services à la personne et à la collectivité;23910025409
Construction, bâtiment, travaux publics;23330023441
Construction, bâtiment, travaux publics;23110023442
Santé, social, services à la personne et à la collectivité;23830033007
Santé, social, services à la personne et à la collectivité;23830033006
Construction, bâtiment, travaux publics;23220023442
Santé, social, services à la personne et à la collectivité;23910033001
Construction, bâtiment, travaux publics;23330023442
Textile, habillement, cuir;23110024005
Santé, social, services à la personne et à la collectivité;32111033002
Santé, social, services à la personne et à la collectivité;32221033002
Santé, social, services à la personne et à la collectivité;23110033106
Santé, social, services à la personne et à la collectivité;23330033106
Santé, social, services à la personne et à la collectivité;23220033106
Santé, social, services à la personne et à la collectivité;23110033107
Santé, social, services à la personne et à la collectivité;23330033107
Santé, social, services à la personne et à la collectivité;23220033107
Santé, social, services à la personne et à la collectivité;23830033101
Textile, habillement, cuir;23220024005
Santé, social, services à la personne et à la collectivité;23830033103
Santé, social, services à la personne et à la collectivité;23830033104
Textile, habillement, cuir;23330024005
Santé, social, services à la personne et à la collectivité;32111033109
Santé, social, services à la personne et à la collectivité;32221033109
Santé, social, services à la personne et à la collectivité;32221033103
Santé, social, services à la personne et à la collectivité;32111033103
Santé, social, services à la personne et à la collectivité;32111033107
Santé, social, services à la personne et à la collectivité;32221033107
Santé, social, services à la personne et à la collectivité;32331033105
Textile, habillement, cuir;23110024006
Textile, habillement, cuir;23220024006
Santé, social, services à la personne et à la collectivité;32221033111
Santé, social, services à la personne et à la collectivité;32111033111
Santé, social, services à la personne et à la collectivité;32331033104
Santé, social, services à la personne et à la collectivité;23110033205
Santé, social, services à la personne et à la collectivité;23220033205
Santé, social, services à la personne et à la collectivité;23330033205
Textile, habillement, cuir;23330024006
Electricité, électronique/numérique, environnement;23110023302
Santé, social, services à la personne et à la collectivité;32221033206
Santé, social, services à la personne et à la collectivité;32111033206
Santé, social, services à la personne et à la collectivité;23330033411
Santé, social, services à la personne et à la collectivité;23220033411
Santé, social, services à la personne et à la collectivité;23110033411
Santé, social, services à la personne et à la collectivité;23110033501
Santé, social, services à la personne et à la collectivité;23330033501
Santé, social, services à la personne et à la collectivité;23220033501
Santé, social, services à la personne et à la collectivité;23910033501
Santé, social, services à la personne et à la collectivité;23910033503
Santé, social, services à la personne et à la collectivité;23910033504
Santé, social, services à la personne et à la collectivité;23910033505
Santé, social, services à la personne et à la collectivité;23910033502
Santé, social, services à la personne et à la collectivité;23220033615
Santé, social, services à la personne et à la collectivité;23110033615
Santé, social, services à la personne et à la collectivité;23330033615
Santé, social, services à la personne et à la collectivité;23220033616
Santé, social, services à la personne et à la collectivité;23330033616
Santé, social, services à la personne et à la collectivité;23110033616
Electricité, électronique/numérique, environnement;23330023302
Santé, social, services à la personne et à la collectivité;23830033606
Santé, social, services à la personne et à la collectivité;23830033604
Santé, social, services à la personne et à la collectivité;23830033602
Santé, social, services à la personne et à la collectivité;23910033605
Santé, social, services à la personne et à la collectivité;25120033608
Santé, social, services à la personne et à la collectivité;25120033609
Santé, social, services à la personne et à la collectivité;32111033603
Santé, social, services à la personne et à la collectivité;32221033603
Santé, social, services à la personne et à la collectivité;32111033604
Santé, social, services à la personne et à la collectivité;32221033604
Santé, social, services à la personne et à la collectivité;32221033605
Santé, social, services à la personne et à la collectivité;32111033605
Santé, social, services à la personne et à la collectivité;32221033607
Santé, social, services à la personne et à la collectivité;32111033607
Santé, social, services à la personne et à la collectivité;23220034002
Santé, social, services à la personne et à la collectivité;23110034002
Santé, social, services à la personne et à la collectivité;23330034002
Santé, social, services à la personne et à la collectivité;23110034307
Santé, social, services à la personne et à la collectivité;23220034307
Santé, social, services à la personne et à la collectivité;23330034307
Santé, social, services à la personne et à la collectivité;23830034304
Santé, social, services à la personne et à la collectivité;23110034404
Santé, social, services à la personne et à la collectivité;23330034404
Santé, social, services à la personne et à la collectivité;23220034404
Textile, habillement, cuir;32620022401
Textile, habillement, cuir;32510022401
Textile, habillement, cuir;23110024007
Textile, habillement, cuir;23220024007
Textile, habillement, cuir;23330024007
Textile, habillement, cuir;23110024008
Textile, habillement, cuir;23220024008
Textile, habillement, cuir;23330024008
Electricité, électronique/numérique, environnement;23220023302
Construction, bâtiment, travaux publics;23110025431
Construction, bâtiment, travaux publics;23330025431
Construction, bâtiment, travaux publics;23220025431
Textile, habillement, cuir;23910024202
Automobile, engins;23910025507
Textile, habillement, cuir;23830024006
Textile, habillement, cuir;23830024005
Automobile, engins;23910025207
Construction, bâtiment, travaux publics;23910023403
Gestion-administration, transport, logistique, sécurité;23910034402
Textile, habillement, cuir;23220024127
Textile, habillement, cuir;23110024127
Textile, habillement, cuir;23330024127
Textile, habillement, cuir;23220024131
Textile, habillement, cuir;23330024131
Textile, habillement, cuir;23110024131
Textile, habillement, cuir;23220024130
Textile, habillement, cuir;23110024130
Textile, habillement, cuir;23330024130
Textile, habillement, cuir;23110024125
Textile, habillement, cuir;23220024125
Textile, habillement, cuir;23330024125
Textile, habillement, cuir;23110024126
Textile, habillement, cuir;23220024126
Textile, habillement, cuir;23330024126
Textile, habillement, cuir;23C20024107
Textile, habillement, cuir;23B10024107
Textile, habillement, cuir;23C20024108
Textile, habillement, cuir;23B10024108
Textile, habillement, cuir;23C20024106
Textile, habillement, cuir;23B10024106
Textile, habillement, cuir;25120024106
Textile, habillement, cuir;32620024101
Textile, habillement, cuir;32510024101
Textile, habillement, cuir;32111024111
Textile, habillement, cuir;32221024111
Textile, habillement, cuir;32111024112
Textile, habillement, cuir;32221024112
Textile, habillement, cuir;23110024231
Textile, habillement, cuir;23220024231
Textile, habillement, cuir;23330024231
Textile, habillement, cuir;23110024241
Textile, habillement, cuir;23220024241
Textile, habillement, cuir;23330024241
Textile, habillement, cuir;23330024240
Textile, habillement, cuir;23220024240
Textile, habillement, cuir;23110024240
Textile, habillement, cuir;23110024242
Textile, habillement, cuir;23330024242
Textile, habillement, cuir;23220024242
Textile, habillement, cuir;23110024239
Textile, habillement, cuir;23330024239
Textile, habillement, cuir;23220024239
Textile, habillement, cuir;23110024238
Textile, habillement, cuir;23330024238
Textile, habillement, cuir;23220024238
Textile, habillement, cuir;23830024202
Textile, habillement, cuir;23830024203
Relation client, commerce, vente;23910031301
Textile, habillement, cuir;23910024201
Textile, habillement, cuir;23C20024210
Textile, habillement, cuir;23B10024210
Textile, habillement, cuir;25120024214
Textile, habillement, cuir;25120024215
Textile, habillement, cuir;25120024216
Textile, habillement, cuir;32620024204
Textile, habillement, cuir;32510024204
Textile, habillement, cuir;32221024207
Textile, habillement, cuir;32111024207
Textile, habillement, cuir;23220024316
Textile, habillement, cuir;23110024316
Textile, habillement, cuir;23330024316
Textile, habillement, cuir;23110024320
Textile, habillement, cuir;23330024320
Textile, habillement, cuir;23220024320
Textile, habillement, cuir;23220024313
Textile, habillement, cuir;23330024313
Textile, habillement, cuir;23110024313
Textile, habillement, cuir;23110024315
Textile, habillement, cuir;23220024315
Textile, habillement, cuir;23330024315
Textile, habillement, cuir;23220024322
Textile, habillement, cuir;23330024322
Textile, habillement, cuir;23110024322
Textile, habillement, cuir;23110024318
Textile, habillement, cuir;23220024318
Textile, habillement, cuir;23330024318
Textile, habillement, cuir;23110024321
Textile, habillement, cuir;23220024321
Textile, habillement, cuir;23330024321
Textile, habillement, cuir;23110024319
Textile, habillement, cuir;23220024319
Textile, habillement, cuir;23330024319
Textile, habillement, cuir;23830024303
Textile, habillement, cuir;23830024301
Textile, habillement, cuir;23830024302
Alimentation, hôtellerie, restauration, tourisme;23910033410
Gestion-administration, transport, logistique, sécurité;23910034401
Textile, habillement, cuir;32221024305
Textile, habillement, cuir;32111024305
